Date,Sunrise,Sunset
2026-06-01,05:30:19,20:25:13
2026-06-02,05:29:54,20:25:56
2026-06-03,05:29:31,20:26:37
2026-06-04,05:29:10,20:27:18
2026-06-05,05:28:51,20:27:57
2026-06-06,05:28:34,20:28:35
2026-06-07,05:28:19,20:29:11
2026-06-08,05:28:06,20:29:46
2026-06-09,05:27:55,20:30:20
2026-06-10,05:27:46,20:30:52
2026-06-11,05:27:39,20:31:22
2026-06-12,05:27:34,20:31:51
2026-06-13,05:27:31,20:32:18
2026-06-14,05:27:30,20:32:44
2026-06-15,05:27:31,20:33:07
2026-06-16,05:27:34,20:33:30
2026-06-17,05:27:39,20:33:50
2026-06-18,05:27:46,20:34:08
2026-06-19,05:27:54,20:34:25
2026-06-20,05:28:05,20:34:39
2026-06-21,05:28:17,20:34:52
2026-06-22,05:28:31,20:35:03
2026-06-23,05:28:47,20:35:12
2026-06-24,05:29:05,20:35:19
2026-06-25,05:29:24,20:35:24
2026-06-26,05:29:45,20:35:27
2026-06-27,05:30:08,20:35:28
2026-06-28,05:30:32,20:35:27
2026-06-29,05:30:58,20:35:23
2026-06-30,05:31:26,20:35:18
2026-07-01,05:31:55,20:35:11
2026-07-02,05:32:26,20:35:02
2026-07-03,05:32:58,20:34:51
2026-07-04,05:33:31,20:34:38
2026-07-05,05:34:06,20:34:23
2026-07-06,05:34:42,20:34:05
2026-07-07,05:35:20,20:33:46
2026-07-08,05:35:59,20:33:25
2026-07-09,05:36:39,20:33:01
2026-07-10,05:37:21,20:32:36
2026-07-11,05:38:03,20:32:09
2026-07-12,05:38:47,20:31:40
2026-07-13,05:39:32,20:31:08
2026-07-14,05:40:18,20:30:35
2026-07-15,05:41:05,20:30:00
2026-07-16,05:41:52,20:29:23
2026-07-17,05:42:41,20:28:44
2026-07-18,05:43:30,20:28:03
2026-07-19,05:44:20,20:27:20
2026-07-20,05:45:11,20:26:36
2026-07-21,05:46:03,20:25:49
2026-07-22,05:46:55,20:25:01
2026-07-23,05:47:48,20:24:11
2026-07-24,05:48:42,20:23:19
2026-07-25,05:49:36,20:22:25
2026-07-26,05:50:30,20:21:30
2026-07-27,05:51:25,20:20:33
2026-07-28,05:52:21,20:19:34
2026-07-29,05:53:17,20:18:34
2026-07-30,05:54:13,20:17:32
2026-07-31,05:55:10,20:16:29
2026-08-01,05:56:07,20:15:24
2026-08-02,05:57:04,20:14:18
2026-08-03,05:58:02,20:13:10
2026-08-04,05:58:59,20:12:01
2026-08-05,05:59:58,20:10:50
2026-08-06,06:00:56,20:09:38
2026-08-07,06:01:54,20:08:25
2026-08-08,06:02:53,20:07:10
2026-08-09,06:03:52,20:05:54
2026-08-10,06:04:51,20:04:37
2026-08-11,06:05:50,20:03:19
2026-08-12,06:06:50,20:01:59
2026-08-13,06:07:49,20:00:38
2026-08-14,06:08:48,19:59:16
2026-08-15,06:09:47,19:57:53
2026-08-16,06:10:47,19:56:29
2026-08-17,06:11:46,19:55:04
2026-08-18,06:12:45,19:53:38
2026-08-19,06:13:45,19:52:11
2026-08-20,06:14:44,19:50:43
2026-08-21,06:15:43,19:49:15
2026-08-22,06:16:42,19:47:45
2026-08-23,06:17:41,19:46:14
2026-08-24,06:18:40,19:44:43
2026-08-25,06:19:39,19:43:11
2026-08-26,06:20:38,19:41:38
2026-08-27,06:21:37,19:40:04
2026-08-28,06:22:36,19:38:30
2026-08-29,06:23:34,19:36:55
2026-08-30,06:24:33,19:35:19
2026-08-31,06:25:32,19:33:43
2026-09-01,06:26:30,19:32:06
2026-09-02,06:27:29,19:30:29
2026-09-03,06:28:27,19:28:51
2026-09-04,06:29:26,19:27:13
2026-09-05,06:30:24,19:25:35
2026-09-06,06:31:23,19:23:56
2026-09-07,06:32:22,19:22:16
2026-09-08,06:33:20,19:20:37
2026-09-09,06:34:19,19:18:57
2026-09-10,06:35:17,19:17:16
2026-09-11,06:36:16,19:15:36
2026-09-12,06:37:14,19:13:55
2026-09-13,06:38:13,19:12:14
2026-09-14,06:39:12,19:10:33
2026-09-15,06:40:10,19:08:51
2026-09-16,06:41:09,19:07:10
2026-09-17,06:42:08,19:05:28
2026-09-18,06:43:07,19:03:47
2026-09-19,06:44:06,19:02:05
2026-09-20,06:45:05,19:00:24
2026-09-21,06:46:04,18:58:42
2026-09-22,06:47:03,18:57:01
2026-09-23,06:48:02,18:55:19
2026-09-24,06:49:02,18:53:38
2026-09-25,06:50:02,18:51:57
2026-09-26,06:51:01,18:50:16
2026-09-27,06:52:01,18:48:35
2026-09-28,06:53:01,18:46:54
2026-09-29,06:54:02,18:45:14
2026-09-30,06:55:02,18:43:34
2026-10-01,06:56:03,18:41:55
2026-10-02,06:57:04,18:40:15
2026-10-03,06:58:06,18:38:37
2026-10-04,06:59:07,18:36:58
2026-10-05,07:00:09,18:35:20
2026-10-06,07:01:11,18:33:43
2026-10-07,07:02:14,18:32:06
2026-10-08,07:03:17,18:30:30
2026-10-09,07:04:20,18:28:54
2026-10-10,07:05:23,18:27:19
2026-10-11,07:06:27,18:25:44
2026-10-12,07:07:31,18:24:11
2026-10-13,07:08:35,18:22:38
2026-10-14,07:09:40,18:21:05
2026-10-15,07:10:45,18:19:34
2026-10-16,07:11:50,18:18:03
2026-10-17,07:12:56,18:16:33
2026-10-18,07:14:01,18:15:04
2026-10-19,07:15:08,18:13:36
2026-10-20,07:16:14,18:12:09
2026-10-21,07:17:21,18:10:43
2026-10-22,07:18:28,18:09:18
2026-10-23,07:19:35,18:07:53
2026-10-24,07:20:43,18:06:30
2026-10-25,07:21:51,18:05:08
2026-10-26,07:22:59,18:03:48
2026-10-27,07:24:07,18:02:28
2026-10-28,07:25:16,18:01:10
2026-10-29,07:26:25,17:59:53
2026-10-30,07:27:35,17:58:37
2026-10-31,07:28:44,17:57:23
2026-11-01,06:29:54,16:56:10
2026-11-02,06:31:04,16:54:58
2026-11-03,06:32:15,16:53:48
2026-11-04,06:33:25,16:52:39
2026-11-05,06:34:36,16:51:32
2026-11-06,06:35:46,16:50:27
2026-11-07,06:36:57,16:49:23
2026-11-08,06:38:08,16:48:20
2026-11-09,06:39:19,16:47:20
2026-11-10,06:40:30,16:46:21
2026-11-11,06:41:41,16:45:23
2026-11-12,06:42:52,16:44:28
2026-11-13,06:44:03,16:43:34
2026-11-14,06:45:14,16:42:43
2026-11-15,06:46:24,16:41:53
2026-11-16,06:47:34,16:41:04
2026-11-17,06:48:44,16:40:18
2026-11-18,06:49:54,16:39:34
2026-11-19,06:51:03,16:38:52
2026-11-20,06:52:12,16:38:12
2026-11-21,06:53:21,16:37:33
2026-11-22,06:54:29,16:36:57
2026-11-23,06:55:36,16:36:23
2026-11-24,06:56:43,16:35:51
2026-11-25,06:57:49,16:35:22
2026-11-26,06:58:55,16:34:54
2026-11-27,07:00:00,16:34:29
2026-11-28,07:01:04,16:34:05
2026-11-29,07:02:07,16:33:45
2026-11-30,07:03:10,16:33:26
2026-12-01,07:04:11,16:33:10
2026-12-02,07:05:12,16:32:56
2026-12-03,07:06:12,16:32:44
2026-12-04,07:07:10,16:32:34
2026-12-05,07:08:07,16:32:27
2026-12-06,07:09:04,16:32:22
2026-12-07,07:09:58,16:32:20
2026-12-08,07:10:52,16:32:20
2026-12-09,07:11:44,16:32:22
2026-12-10,07:12:35,16:32:27
2026-12-11,07:13:24,16:32:33
2026-12-12,07:14:12,16:32:42
2026-12-13,07:14:58,16:32:54
2026-12-14,07:15:42,16:33:07
2026-12-15,07:16:25,16:33:23
2026-12-16,07:17:06,16:33:41
2026-12-17,07:17:45,16:34:02
2026-12-18,07:18:22,16:34:24
2026-12-19,07:18:57,16:34:49
2026-12-20,07:19:31,16:35:15
2026-12-21,07:20:02,16:35:44
2026-12-22,07:20:31,16:36:15
2026-12-23,07:20:59,16:36:48
2026-12-24,07:21:24,16:37:23
2026-12-25,07:21:48,16:37:59
2026-12-26,07:22:09,16:38:38
2026-12-27,07:22:28,16:39:19
2026-12-28,07:22:45,16:40:01
2026-12-29,07:22:59,16:40:46
2026-12-30,07:23:12,16:41:32
2026-12-31,07:23:22,16:42:20
2027-01-01,07:23:30,16:43:09
2027-01-02,07:23:36,16:44:00
2027-01-03,07:23:40,16:44:53
2027-01-04,07:23:41,16:45:47
2027-01-05,07:23:40,16:46:43
2027-01-06,07:23:37,16:47:40
2027-01-07,07:23:32,16:48:38
2027-01-08,07:23:24,16:49:38
2027-01-09,07:23:14,16:50:39
2027-01-10,07:23:02,16:51:41
2027-01-11,07:22:47,16:52:44
2027-01-12,07:22:30,16:53:48
2027-01-13,07:22:11,16:54:53
2027-01-14,07:21:50,16:55:59
2027-01-15,07:21:27,16:57:05
2027-01-16,07:21:01,16:58:13
2027-01-17,07:20:33,16:59:21
2027-01-18,07:20:03,17:00:30
2027-01-19,07:19:31,17:01:40
2027-01-20,07:18:57,17:02:50
2027-01-21,07:18:21,17:04:01
2027-01-22,07:17:43,17:05:13
2027-01-23,07:17:02,17:06:24
2027-01-24,07:16:20,17:07:36
2027-01-25,07:15:36,17:08:49
2027-01-26,07:14:50,17:10:02
2027-01-27,07:14:02,17:11:15
2027-01-28,07:13:12,17:12:29
2027-01-29,07:12:20,17:13:42
2027-01-30,07:11:27,17:14:56
2027-01-31,07:10:31,17:16:10
2027-02-01,07:09:34,17:17:25
2027-02-02,07:08:36,17:18:39
2027-02-03,07:07:35,17:19:53
2027-02-04,07:06:33,17:21:07
2027-02-05,07:05:30,17:22:22
2027-02-06,07:04:25,17:23:36
2027-02-07,07:03:18,17:24:50
2027-02-08,07:02:10,17:26:04
2027-02-09,07:01:00,17:27:18
2027-02-10,06:59:49,17:28:31
2027-02-11,06:58:37,17:29:45
2027-02-12,06:57:23,17:30:58
2027-02-13,06:56:08,17:32:11
2027-02-14,06:54:52,17:33:24
2027-02-15,06:53:34,17:34:37
2027-02-16,06:52:15,17:35:49
2027-02-17,06:50:55,17:37:01
2027-02-18,06:49:34,17:38:13
2027-02-19,06:48:12,17:39:24
2027-02-20,06:46:49,17:40:35
2027-02-21,06:45:25,17:41:46
2027-02-22,06:43:59,17:42:57
2027-02-23,06:42:33,17:44:07
2027-02-24,06:41:06,17:45:17
2027-02-25,06:39:38,17:46:26
2027-02-26,06:38:09,17:47:36
2027-02-27,06:36:39,17:48:45
2027-02-28,06:35:09,17:49:54
2027-03-01,06:33:38,17:51:02
2027-03-02,06:32:06,17:52:11
2027-03-03,06:30:33,17:53:19
2027-03-04,06:29:00,17:54:27
2027-03-05,06:27:26,17:55:34
2027-03-06,06:25:52,17:56:41
2027-03-07,06:24:17,17:57:48
2027-03-08,06:22:41,17:58:55
2027-03-09,06:21:05,18:00:01
2027-03-10,06:19:29,18:01:08
2027-03-11,06:17:52,18:02:14
2027-03-12,06:16:15,18:03:19
2027-03-13,06:14:37,18:04:25
2027-03-14,07:13:00,19:05:30
2027-03-15,07:11:21,19:06:35
2027-03-16,07:09:43,19:07:40
2027-03-17,07:08:04,19:08:44
2027-03-18,07:06:25,19:09:49
2027-03-19,07:04:46,19:10:53
2027-03-20,07:03:07,19:11:57
2027-03-21,07:01:27,19:13:00
2027-03-22,06:59:48,19:14:04
2027-03-23,06:58:08,19:15:08
2027-03-24,06:56:29,19:16:11
2027-03-25,06:54:49,19:17:15
2027-03-26,06:53:10,19:18:18
2027-03-27,06:51:30,19:19:21
2027-03-28,06:49:51,19:20:24
2027-03-29,06:48:12,19:21:27
2027-03-30,06:46:33,19:22:31
2027-03-31,06:44:54,19:23:34
2027-04-01,06:43:15,19:24:37
2027-04-02,06:41:37,19:25:40
2027-04-03,06:39:59,19:26:43
2027-04-04,06:38:21,19:27:46
2027-04-05,06:36:44,19:28:49
2027-04-06,06:35:07,19:29:52
2027-04-07,06:33:30,19:30:55
2027-04-08,06:31:54,19:31:58
2027-04-09,06:30:18,19:33:01
2027-04-10,06:28:43,19:34:04
2027-04-11,06:27:09,19:35:07
2027-04-12,06:25:34,19:36:10
2027-04-13,06:24:01,19:37:13
2027-04-14,06:22:28,19:38:16
2027-04-15,06:20:56,19:39:19
2027-04-16,06:19:24,19:40:22
2027-04-17,06:17:53,19:41:25
2027-04-18,06:16:23,19:42:28
2027-04-19,06:14:54,19:43:31
2027-04-20,06:13:25,19:44:34
2027-04-21,06:11:57,19:45:37
2027-04-22,06:10:30,19:46:40
2027-04-23,06:09:04,19:47:43
2027-04-24,06:07:39,19:48:46
2027-04-25,06:06:15,19:49:49
2027-04-26,06:04:52,19:50:52
2027-04-27,06:03:30,19:51:55
2027-04-28,06:02:09,19:52:58
2027-04-29,06:00:49,19:54:00
2027-04-30,05:59:30,19:55:03
2027-05-01,05:58:13,19:56:06
2027-05-02,05:56:57,19:57:08
2027-05-03,05:55:41,19:58:11
2027-05-04,05:54:28,19:59:13
2027-05-05,05:53:15,20:00:15
2027-05-06,05:52:04,20:01:17
2027-05-07,05:50:54,20:02:18
2027-05-08,05:49:45,20:03:20
2027-05-09,05:48:38,20:04:21
2027-05-10,05:47:33,20:05:21
2027-05-11,05:46:29,20:06:21
2027-05-12,05:45:26,20:07:21
2027-05-13,05:44:25,20:08:21
2027-05-14,05:43:25,20:09:20
2027-05-15,05:42:27,20:10:18
2027-05-16,05:41:30,20:11:16
2027-05-17,05:40:36,20:12:14
2027-05-18,05:39:42,20:13:10
2027-05-19,05:38:51,20:14:06
2027-05-20,05:38:01,20:15:02
2027-05-21,05:37:13,20:15:57
2027-05-22,05:36:27,20:16:51
2027-05-23,05:35:42,20:17:44
2027-05-24,05:35:00,20:18:37
2027-05-25,05:34:19,20:19:28
2027-05-26,05:33:40,20:20:19
2027-05-27,05:33:03,20:21:09
2027-05-28,05:32:28,20:21:58
2027-05-29,05:31:55,20:22:46
2027-05-30,05:31:23,20:23:33
2027-05-31,05:30:54,20:24:19
2027-06-01,05:30:27,20:25:03
2027-06-02,05:30:01,20:25:47
2027-06-03,05:29:38,20:26:29
2027-06-04,05:29:17,20:27:10
2027-06-05,05:28:57,20:27:50
2027-06-06,05:28:40,20:28:28
2027-06-07,05:28:24,20:29:05
2027-06-08,05:28:11,20:29:40
2027-06-09,05:28:00,20:30:14
2027-06-10,05:27:50,20:30:46
2027-06-11,05:27:43,20:31:17
2027-06-12,05:27:37,20:31:46
2027-06-13,05:27:34,20:32:13
2027-06-14,05:27:32,20:32:39
2027-06-15,05:27:32,20:33:03
2027-06-16,05:27:34,20:33:25
2027-06-17,05:27:39,20:33:46
2027-06-18,05:27:45,20:34:04
2027-06-19,05:27:53,20:34:21
2027-06-20,05:28:03,20:34:36
2027-06-21,05:28:14,20:34:49
2027-06-22,05:28:28,20:35:00
2027-06-23,05:28:43,20:35:10
2027-06-24,05:29:00,20:35:17
2027-06-25,05:29:19,20:35:22
2027-06-26,05:29:40,20:35:26
2027-06-27,05:30:02,20:35:27
2027-06-28,05:30:26,20:35:27
2027-06-29,05:30:52,20:35:24
2027-06-30,05:31:19,20:35:20
